epoch,loss
0,0.09164404494925922
1,0.09015863526236183
2,0.09015863526236183
3,0.09015863526236183
4,0.09015863526236183
