epoch,loss
0,0.007846816458306738
1,0.003076050569849119
2,0.002128641570370819
3,0.001900593606059026
