epoch,loss
0,0.09143012842440543
1,0.08994706411275537
2,0.08994706404965533
3,0.089947064074292
4,0.089947064074292
5,0.089947064074292
6,0.089947064074292
